ETF,Annual Return,Annual Volatility,Sharpe Ratio,Cumulative Return,Max Drawdown
0050.TW,0.29722803023916944,0.2127798375223997,1.3498836806327217,6.117188495988909,-0.33827632005022235
0056.TW,0.20044960618568333,0.15908201573607225,1.1971787339032214,2.8266989762385073,-0.2689337590356175
006208.TW,0.29483296472104864,0.20361293301616643,1.398894267185049,6.092704870557939,-0.33813185698838116
00631L.TW,0.5384490929380764,0.40973368303419566,1.2897379805945146,24.58844683807904,-0.5514365988579257
00632R.TW,0.5352187941281714,2.199414169355254,0.23879940460788085,-0.22296297991716996,-0.7681159417785973
00679B.TWO,-0.00716122111748789,0.14749087761250698,-0.11635445795213473,-0.12095744463528424,-0.4617935297050978
00687B.TWO,-0.006584049026949662,0.1526303367501177,-0.10865499860686688,-0.12212522975065987,-0.4613252216411692
