ETF,Annual Return,Annual Volatility,Sharpe Ratio,Cumulative Return,Max Drawdown
0050.TW,0.2942517378033154,0.21173970444923243,1.3424583667134984,5.910893630477619,-0.33827645406725315
00679B.TWO,-0.008924135682265482,0.1477231978121004,-0.12810537520543275,-0.13156789935750135,-0.4617935297050983
00878.TW,0.20413791551344573,0.14803346348896268,1.3114461483090314,1.9887444943107795,-0.2228768215986308
00981A.TW,1.1932355880591112,0.31043331969765814,3.8115611726586107,2.135419930472714,-0.09142475254903441
